-- phpMyAdmin SQL Dump
-- version 5.2.1
-- https://www.phpmyadmin.net/
--
-- Host: 127.0.0.1
-- Generation Time: Nov 25, 2024 at 02:41 PM
-- Server version: 10.4.32-MariaDB
-- PHP Version: 8.1.25

SET SQL_MODE = "NO_AUTO_VALUE_ON_ZERO";
START TRANSACTION;
SET time_zone = "+00:00";


/*!40101 SET @OLD_CHARACTER_SET_CLIENT=@@CHARACTER_SET_CLIENT */;
/*!40101 SET @OLD_CHARACTER_SET_RESULTS=@@CHARACTER_SET_RESULTS */;
/*!40101 SET @OLD_COLLATION_CONNECTION=@@COLLATION_CONNECTION */;
/*!40101 SET NAMES utf8mb4 */;

--
-- Database: `quanlyquanao`
--

-- --------------------------------------------------------

--
-- Table structure for table `cart`
--

CREATE TABLE `cart` (
  `cart_id` int(11) NOT NULL,
  `user_id` int(11) NOT NULL,
  `variation_id` int(11) NOT NULL,
  `quantity` int(11) NOT NULL,
  `price` int(11) NOT NULL
) ENGINE=InnoDB DEFAULT CHARSET=utf8mb4 COLLATE=utf8mb4_general_ci;

-- --------------------------------------------------------

--
-- Table structure for table `category`
--

CREATE TABLE `category` (
  `category_id` int(11) NOT NULL,
  `category_name` varchar(150) NOT NULL
) ENGINE=InnoDB DEFAULT CHARSET=utf8mb4 COLLATE=utf8mb4_general_ci;

--
-- Dumping data for table `category`
--

INSERT INTO `category` (`category_id`, `category_name`) VALUES
(1, 'Tops'),
(2, 'Dresses'),
(3, 'Pants'),
(4, 'Jeans');

-- --------------------------------------------------------

--
-- Table structure for table `orders`
--

CREATE TABLE `orders` (
  `order_id` int(11) NOT NULL,
  `user_id` int(11) NOT NULL,
  `delivered_to` varchar(150) NOT NULL,
  `phone_no` varchar(10) NOT NULL,
  `deliver_address` varchar(255) NOT NULL,
  `pay_method` varchar(50) NOT NULL,
  `pay_status` int(11) NOT NULL,
  `order_status` int(11) NOT NULL DEFAULT 0,
  `order_date` date NOT NULL DEFAULT current_timestamp()
) ENGINE=InnoDB DEFAULT CHARSET=utf8mb4 COLLATE=utf8mb4_general_ci;

--
-- Dumping data for table `orders`
--

INSERT INTO `orders` (`order_id`, `user_id`, `delivered_to`, `phone_no`, `deliver_address`, `pay_method`, `pay_status`, `order_status`, `order_date`) VALUES
(1, 2, 'Self', '9802234675', 'Matepani-12', 'Cash', 0, 1, '2024-04-10'),
(3, 2, 'Test  Firstuser', '980098322', 'matepani-12', 'Bank', 1, 1, '2024-11-18');

-- --------------------------------------------------------

--
-- Table structure for table `order_details`
--

CREATE TABLE `order_details` (
  `detail_id` int(11) NOT NULL,
  `order_id` int(11) NOT NULL,
  `variation_id` int(11) NOT NULL,
  `quantity` int(11) NOT NULL,
  `price` int(11) NOT NULL
) ENGINE=InnoDB DEFAULT CHARSET=utf8mb4 COLLATE=utf8mb4_general_ci;

--
-- Dumping data for table `order_details`
--

INSERT INTO `order_details` (`detail_id`, `order_id`, `variation_id`, `quantity`, `price`) VALUES
(1, 1, 1, 1, 500),
(3, 3, 3, 1, 890);

-- --------------------------------------------------------

--
-- Table structure for table `product`
--

CREATE TABLE `product` (
  `product_id` int(11) NOT NULL,
  `product_name` varchar(200) NOT NULL,
  `product_desc` text NOT NULL,
  `product_image` varchar(255) NOT NULL,
  `price` int(11) NOT NULL,
  `category_id` int(11) NOT NULL,
  `uploaded_date` date NOT NULL DEFAULT current_timestamp(),
  `color` varchar(80) DEFAULT NULL
) ENGINE=InnoDB DEFAULT CHARSET=utf8mb4 COLLATE=utf8mb4_general_ci;

--
-- Dumping data for table `product`
--

INSERT INTO `product` (`product_id`, `product_name`, `product_desc`, `product_image`, `price`, `category_id`, `uploaded_date`, `color`) VALUES
(1, 'V Neck Crop Top', 'V neckline and Drawstring style make you more sexy Match well with your skinny leggings, pants or jeans for a fashion look Suitable for casual, home. home is good', './uploads/713539.jpeg', 500, 1, '2022-03-28', 'black'),
(2, 'Off Shoulder Crop Top', 'Crop Tops for Women Basic Off Shoulder Sexy Print V Neck Slim Shirt Vest with Button at Swiss Collecttion.', './uploads/203845.jpeg', 890, 1, '2022-04-04', 'Orange'),
(3, 'Off Shoulder Tops', 'Tops for Women Basic Off Shoulder V Neck Slim Shirt Vest with Button at Swiss Collecttion.', './uploads/tops.jpg', 600, 1, '2022-04-04', 'white'),
(4, 'Printed Crop Top', 'Cute Crop Tops for Women Basic Off Shoulder Sexy Print V Neck Slim Shirt Vest with Button at Swiss Collecttion.', './uploads/croptop.jpg', 700, 1, '2022-04-04', 'Green'),
(5, 'Shirtdress', 'Shirt Dresses for Women Basic dresses with Button at Swiss Collecttion.', './uploads/shirtdress.jpg', 1850, 2, '2022-04-04', 'Silver'),
(6, 'Check Strappy Dress', 'Check Strappy Dresses for Women Basic dresses with Button at Swiss Collecttion.', './uploads/check-strappy-dress.jpg', 1250, 2, '2022-03-24', 'Silver'),
(7, 'Floral Dress', 'Floral Dresses for Women Basic dresses with Button at Swiss Collecttion.', './uploads/dress.jpg', 1500, 2, '2022-04-04', 'Purple');

-- --------------------------------------------------------

--
-- Table structure for table `product_size_variation`
--

CREATE TABLE `product_size_variation` (
  `variation_id` int(11) NOT NULL,
  `product_id` int(11) NOT NULL,
  `size_id` int(11) NOT NULL,
  `quantity_in_stock` int(11) NOT NULL
) ENGINE=InnoDB DEFAULT CHARSET=utf8mb4 COLLATE=utf8mb4_general_ci;

--
-- Dumping data for table `product_size_variation`
--

INSERT INTO `product_size_variation` (`variation_id`, `product_id`, `size_id`, `quantity_in_stock`) VALUES
(1, 1, 4, 5),
(2, 2, 3, 9),
(3, 2, 2, 3),
(6, 3, 3, 6),
(7, 4, 2, 8),
(8, 5, 4, 8),
(9, 6, 2, 10),
(10, 7, 2, 10);

-- --------------------------------------------------------

--
-- Table structure for table `review`
--

CREATE TABLE `review` (
  `review_id` int(11) NOT NULL,
  `user_id` int(11) NOT NULL,
  `product_id` int(11) NOT NULL,
  `review_desc` text NOT NULL
) ENGINE=InnoDB DEFAULT CHARSET=utf8mb4 COLLATE=utf8mb4_general_ci;

--
-- Dumping data for table `review`
--

INSERT INTO `review` (`review_id`, `user_id`, `product_id`, `review_desc`) VALUES
(1, 2, 2, 'Comfortable and stylish. I loved it.'),
(2, 2, 5, 'Perfect dress for summer.');

-- --------------------------------------------------------

--
-- Table structure for table `sizes`
--

CREATE TABLE `sizes` (
  `size_id` int(11) NOT NULL,
  `size_name` varchar(100) NOT NULL,
  `sex` int(1) DEFAULT NULL,
  `weight` varchar(60) DEFAULT NULL,
  `height` varchar(255) DEFAULT NULL
) ENGINE=InnoDB DEFAULT CHARSET=utf8mb4 COLLATE=utf8mb4_general_ci;

--
-- Dumping data for table `sizes`
--

INSERT INTO `sizes` (`size_id`, `size_name`, `sex`, `weight`, `height`) VALUES
(1, 'S', 0, '55kg - 60kg', '1m60 - 1m65'),
(2, 'M', 0, '60kg - 65kg', '1m66 - 1m69'),
(3, 'L', 0, '66kg - 70kg', '1m70 - 1m74'),
(4, 'XL', 0, '76kg - 78kg', '1m74 - 1m76');

-- --------------------------------------------------------

--
-- Table structure for table `staff`
--

CREATE TABLE `staff` (
  `staff_id` int(11) NOT NULL,
  `firstName` varchar(255) NOT NULL,
  `lastName` varchar(255) NOT NULL,
  `sex` int(1) NOT NULL,
  `staff_address` varchar(60) NOT NULL,
  `contact_no` varchar(10) NOT NULL,
  `email` varchar(255) NOT NULL,
  `password` varchar(150) NOT NULL,
  `register_at` date NOT NULL,
  `avatar` varchar(255) NOT NULL
) ENGINE=InnoDB DEFAULT CHARSET=utf8mb4 COLLATE=utf8mb4_general_ci;

--
-- Dumping data for table `staff`
--

INSERT INTO `staff` (`staff_id`, `firstName`, `lastName`, `sex`, `staff_address`, `contact_no`, `email`, `password`, `register_at`, `avatar`) VALUES
(1, 'Khang', 'Nguyen Hoang Duc', 0, 'Khanh hoa', '0393967587', 'khang@gmail.com', 'khang123', '2024-11-20', './assets/images/70323.jpg'),
(2, 'Anh', 'Bui Trong', 1, 'Khanh Hoa', '0393565152', 'tronganh@gmail.com', 'anh123123', '2024-11-21', './assets/images/513715.webp'),
(6, 'Linh', 'Van', 0, '123', '0912312312', 'linh@gmail.com', '123456', '2003-12-04', './assets/images/42924.jpeg');

-- --------------------------------------------------------

--
-- Table structure for table `users`
--

CREATE TABLE `users` (
  `user_id` int(11) NOT NULL,
  `first_name` varchar(200) NOT NULL,
  `last_name` varchar(255) NOT NULL,
  `email` varchar(255) NOT NULL,
  `password` varchar(150) NOT NULL,
  `contact_no` varchar(10) NOT NULL,
  `registered_at` date NOT NULL DEFAULT current_timestamp(),
  `user_address` varchar(255) NOT NULL
) ENGINE=InnoDB DEFAULT CHARSET=utf8mb4 COLLATE=utf8mb4_general_ci;

--
-- Dumping data for table `users`
--

INSERT INTO `users` (`user_id`, `first_name`, `last_name`, `email`, `password`, `contact_no`, `registered_at`, `user_address`) VALUES
(2, 'Thanh ', 'Minh', 'thanhnguyenminhho2003@gmail.com', 'Firstuser123', '0980098322', '2024-04-10', 'Khanh Hoa'),
(3, 'Trung', 'Tran nhut', 'trung@gmail.com', 'trung123', '0393967587', '2024-11-14', 'khanh hoa'),
(4, 'Linh', 'Luong Van', 'linh@gmail.com', 'linh123', '0393565152', '2024-11-13', 'khanh hoa'),
(5, 'Thanh', 'Nguyen Ho Minh', 'thanh.nhm.63cntt@ntu.edu.vn', 'thanh123', '0393967587', '2024-11-13', 'khanh hoa');

-- --------------------------------------------------------

--
-- Table structure for table `wishlist`
--

CREATE TABLE `wishlist` (
  `wish_id` int(11) NOT NULL,
  `user_id` int(11) NOT NULL,
  `product_id` int(11) NOT NULL
) ENGINE=InnoDB DEFAULT CHARSET=utf8mb4 COLLATE=utf8mb4_general_ci;

--
-- Indexes for dumped tables
--

--
-- Indexes for table `cart`
--
ALTER TABLE `cart`
  ADD PRIMARY KEY (`cart_id`),
  ADD UNIQUE KEY `uc_cart` (`user_id`,`variation_id`),
  ADD KEY `variation_id` (`variation_id`);

--
-- Indexes for table `category`
--
ALTER TABLE `category`
  ADD PRIMARY KEY (`category_id`);

--
-- Indexes for table `orders`
--
ALTER TABLE `orders`
  ADD PRIMARY KEY (`order_id`),
  ADD KEY `user_id` (`user_id`);

--
-- Indexes for table `order_details`
--
ALTER TABLE `order_details`
  ADD PRIMARY KEY (`detail_id`),
  ADD KEY `order_id` (`order_id`),
  ADD KEY `variation_id` (`variation_id`);

--
-- Indexes for table `product`
--
ALTER TABLE `product`
  ADD PRIMARY KEY (`product_id`),
  ADD KEY `category_id` (`category_id`);

--
-- Indexes for table `product_size_variation`
--
ALTER TABLE `product_size_variation`
  ADD PRIMARY KEY (`variation_id`),
  ADD UNIQUE KEY `uc_ps` (`product_id`,`size_id`);

--
-- Indexes for table `review`
--
ALTER TABLE `review`
  ADD PRIMARY KEY (`review_id`),
  ADD KEY `user_id` (`user_id`),
  ADD KEY `product_id` (`product_id`);

--
-- Indexes for table `sizes`
--
ALTER TABLE `sizes`
  ADD PRIMARY KEY (`size_id`);

--
-- Indexes for table `staff`
--
ALTER TABLE `staff`
  ADD PRIMARY KEY (`staff_id`);

--
-- Indexes for table `users`
--
ALTER TABLE `users`
  ADD PRIMARY KEY (`user_id`);

--
-- Indexes for table `wishlist`
--
ALTER TABLE `wishlist`
  ADD PRIMARY KEY (`wish_id`),
  ADD UNIQUE KEY `uc_wish` (`user_id`,`product_id`),
  ADD KEY `product_id` (`product_id`);

--
-- AUTO_INCREMENT for dumped tables
--

--
-- AUTO_INCREMENT for table `cart`
--
ALTER TABLE `cart`
  MODIFY `cart_id` int(11) NOT NULL AUTO_INCREMENT, AUTO_INCREMENT=10;

--
-- AUTO_INCREMENT for table `category`
--
ALTER TABLE `category`
  MODIFY `category_id` int(11) NOT NULL AUTO_INCREMENT, AUTO_INCREMENT=19;

--
-- AUTO_INCREMENT for table `orders`
--
ALTER TABLE `orders`
  MODIFY `order_id` int(11) NOT NULL AUTO_INCREMENT, AUTO_INCREMENT=4;

--
-- AUTO_INCREMENT for table `order_details`
--
ALTER TABLE `order_details`
  MODIFY `detail_id` int(11) NOT NULL AUTO_INCREMENT, AUTO_INCREMENT=4;

--
-- AUTO_INCREMENT for table `product`
--
ALTER TABLE `product`
  MODIFY `product_id` int(11) NOT NULL AUTO_INCREMENT, AUTO_INCREMENT=12;

--
-- AUTO_INCREMENT for table `product_size_variation`
--
ALTER TABLE `product_size_variation`
  MODIFY `variation_id` int(11) NOT NULL AUTO_INCREMENT, AUTO_INCREMENT=11;

--
-- AUTO_INCREMENT for table `review`
--
ALTER TABLE `review`
  MODIFY `review_id` int(11) NOT NULL AUTO_INCREMENT, AUTO_INCREMENT=3;

--
-- AUTO_INCREMENT for table `sizes`
--
ALTER TABLE `sizes`
  MODIFY `size_id` int(11) NOT NULL AUTO_INCREMENT, AUTO_INCREMENT=12;

--
-- AUTO_INCREMENT for table `staff`
--
ALTER TABLE `staff`
  MODIFY `staff_id` int(11) NOT NULL AUTO_INCREMENT, AUTO_INCREMENT=7;

--
-- AUTO_INCREMENT for table `users`
--
ALTER TABLE `users`
  MODIFY `user_id` int(11) NOT NULL AUTO_INCREMENT, AUTO_INCREMENT=6;

--
-- AUTO_INCREMENT for table `wishlist`
--
ALTER TABLE `wishlist`
  MODIFY `wish_id` int(11) NOT NULL AUTO_INCREMENT, AUTO_INCREMENT=10;

--
-- Constraints for dumped tables
--

--
-- Constraints for table `cart`
--
ALTER TABLE `cart`
  ADD CONSTRAINT `cart_ibfk_1` FOREIGN KEY (`user_id`) REFERENCES `users` (`user_id`),
  ADD CONSTRAINT `cart_ibfk_2` FOREIGN KEY (`variation_id`) REFERENCES `product_size_variation` (`variation_id`);

--
-- Constraints for table `orders`
--
ALTER TABLE `orders`
  ADD CONSTRAINT `orders_ibfk_1` FOREIGN KEY (`user_id`) REFERENCES `users` (`user_id`);

--
-- Constraints for table `order_details`
--
ALTER TABLE `order_details`
  ADD CONSTRAINT `order_details_ibfk_1` FOREIGN KEY (`order_id`) REFERENCES `orders` (`order_id`),
  ADD CONSTRAINT `order_details_ibfk_2` FOREIGN KEY (`variation_id`) REFERENCES `product_size_variation` (`variation_id`);

--
-- Constraints for table `product`
--
ALTER TABLE `product`
  ADD CONSTRAINT `product_ibfk_1` FOREIGN KEY (`category_id`) REFERENCES `category` (`category_id`);

--
-- Constraints for table `review`
--
ALTER TABLE `review`
  ADD CONSTRAINT `review_ibfk_1` FOREIGN KEY (`user_id`) REFERENCES `users` (`user_id`),
  ADD CONSTRAINT `review_ibfk_2` FOREIGN KEY (`product_id`) REFERENCES `product` (`product_id`);

--
-- Constraints for table `wishlist`
--
ALTER TABLE `wishlist`
  ADD CONSTRAINT `wishlist_ibfk_1` FOREIGN KEY (`user_id`) REFERENCES `users` (`user_id`),
  ADD CONSTRAINT `wishlist_ibfk_2` FOREIGN KEY (`product_id`) REFERENCES `product` (`product_id`);
COMMIT;

/*!40101 SET CHARACTER_SET_CLIENT=@OLD_CHARACTER_SET_CLIENT */;
/*!40101 SET CHARACTER_SET_RESULTS=@OLD_CHARACTER_SET_RESULTS */;
/*!40101 SET COLLATION_CONNECTION=@OLD_COLLATION_CONNECTION */;
